{
    "loss": 5.799907684326172,
    "accuracy": 0.2054794579744339
}