{
    "loss": 3.696249008178711,
    "accuracy": 0.3287671208381653
}